{
  "project_info": {
    "project_number": "784888189358",
    "project_id": "delivery-route-planner-d794e",
    "storage_bucket": "delivery-route-planner-d794e.firebasestorage.app"
  },
  "client": [
    {
      "client_info": {
        "mobilesdk_app_id": "1:784888189358:android:0dc8b9ae0bb5005a75783f",
        "android_client_info": {
          "package_name": "com.example.deliveryrouteplanner"
        }
      },
      "oauth_client": [],
      "api_key": [
        {
          "current_key": "AIzaSyC1Rd8tvvjNPMIojMDKi0ELj3uGaMGxCLA"
        }
      ],
      "services": {
        "appinvite_service": {
          "other_platform_oauth_client": []
        }
      }
    }
  ],
  "configuration_version": "1"
}